soa,all_16_74,part_time_16_74,full_time_16_74,self_employed_16_74,unemployed_16_74,full_student_16_74,retired_16_74,student_16_74,home_16_74,sick_or_disability_16_74,other_16_74,voluntary_16_74,unemployed_16_24,umemployed_50_74,never_worked_16_74,long_term_unemployed_16_74,part_time_16_74_pct,full_time_16_74_pct,self_employed_16_74_pct,unemployed_16_74_pct,full_student_16_74_pct,retired_16_74_pct,student_16_74_pct,home_16_74_pct,sick_or_disability_16_74_pct,other_16_74_pct,voluntary_16_74_pct,unemployed_16_24_pct,umemployed_50_74_pct,never_worked_16_74_pct,long_term_unemployed_16_74_pct
Aghanloo 1,1724.0,240.0,663.0,133.0,106.0,71.0,145.0,128.0,88.0,111.0,39.0,221.0,33.0,10.0,21.0,45.0,13.92,38.46,7.71,6.15,4.12,8.41,7.42,5.1,6.44,2.26,12.82,31.13,9.43,19.81,42.45
Andersonstown 2,1087.0,156.0,309.0,50.0,60.0,42.0,172.0,66.0,42.0,147.0,43.0,134.0,17.0,13.0,4.0,32.0,14.35,28.43,4.6,5.52,3.86,15.82,6.07,3.86,13.52,3.96,12.33,28.33,21.67,6.67,53.33
Annagh 1,1150.0,166.0,504.0,108.0,35.0,30.0,135.0,58.0,38.0,51.0,25.0,167.0,11.0,5.0,4.0,16.0,14.43,43.83,9.39,3.04,2.61,11.74,5.04,3.3,4.43,2.17,14.52,31.43,14.29,11.43,45.71
Annalong 2,1115.0,147.0,373.0,129.0,58.0,20.0,145.0,53.0,60.0,96.0,34.0,177.0,18.0,12.0,8.0,25.0,13.18,33.45,11.57,5.2,1.79,13.0,4.75,5.38,8.61,3.05,15.87,31.03,20.69,13.79,43.1
Ardeevin,2537.0,324.0,1142.0,231.0,53.0,69.0,410.0,105.0,80.0,71.0,52.0,481.0,16.0,10.0,3.0,21.0,12.77,45.01,9.11,2.09,2.72,16.16,4.14,3.15,2.8,2.05,18.96,30.19,18.87,5.66,39.62
Ardglass 1,1060.0,144.0,292.0,98.0,75.0,24.0,140.0,70.0,63.0,108.0,46.0,138.0,22.0,19.0,13.0,33.0,13.58,27.55,9.25,7.08,2.26,13.21,6.6,5.94,10.19,4.34,13.02,29.33,25.33,17.33,44.0
Ballinderry 2,2029.0,265.0,956.0,208.0,41.0,56.0,197.0,96.0,72.0,98.0,40.0,312.0,15.0,4.0,9.0,15.0,13.06,47.12,10.25,2.02,2.76,9.71,4.73,3.55,4.83,1.97,15.38,36.59,9.76,21.95,36.59
Ballyclare North 1,1271.0,174.0,472.0,52.0,61.0,41.0,200.0,54.0,71.0,117.0,29.0,181.0,17.0,10.0,17.0,26.0,13.69,37.14,4.09,4.8,3.23,15.74,4.25,5.59,9.21,2.28,14.24,27.87,16.39,27.87,42.62
Ballygawley,1763.0,217.0,561.0,255.0,66.0,46.0,210.0,117.0,95.0,136.0,60.0,257.0,23.0,7.0,18.0,27.0,12.31,31.82,14.46,3.74,2.61,11.91,6.64,5.39,7.71,3.4,14.58,34.85,10.61,27.27,40.91
Ballyhackamore 2,1364.0,198.0,556.0,151.0,28.0,59.0,207.0,81.0,33.0,39.0,12.0,353.0,13.0,4.0,8.0,8.0,14.52,40.76,11.07,2.05,4.33,15.18,5.94,2.42,2.86,0.88,25.88,46.43,14.29,28.57,28.57
Ballymacarrett 2,1089.0,160.0,242.0,29.0,82.0,35.0,132.0,80.0,97.0,174.0,58.0,99.0,26.0,15.0,21.0,33.0,14.69,22.22,2.66,7.53,3.21,12.12,7.35,8.91,15.98,5.33,9.09,31.71,18.29,25.61,40.24
Ballymacarrett 3,1249.0,142.0,418.0,28.0,94.0,25.0,153.0,45.0,82.0,208.0,54.0,106.0,27.0,15.0,16.0,52.0,11.37,33.47,2.24,7.53,2.0,12.25,3.6,6.57,16.65,4.32,8.49,28.72,15.96,17.02,55.32
Ballymagee 2,1435.0,231.0,625.0,86.0,55.0,62.0,171.0,78.0,41.0,58.0,28.0,217.0,19.0,9.0,6.0,26.0,16.1,43.55,5.99,3.83,4.32,11.92,5.44,2.86,4.04,1.95,15.12,34.55,16.36,10.91,47.27
Ballywalter 1,1460.0,182.0,509.0,92.0,80.0,24.0,295.0,50.0,64.0,115.0,49.0,179.0,25.0,17.0,11.0,38.0,12.47,34.86,6.3,5.48,1.64,20.21,3.42,4.38,7.88,3.36,12.26,31.25,21.25,13.75,47.5
Bangor Castle,1949.0,273.0,665.0,147.0,81.0,60.0,440.0,75.0,58.0,117.0,33.0,341.0,21.0,19.0,8.0,43.0,14.01,34.12,7.54,4.16,3.08,22.58,3.85,2.98,6.0,1.69,17.5,25.93,23.46,9.88,53.09
Belleek and Boa,1847.0,219.0,545.0,266.0,112.0,43.0,239.0,131.0,101.0,102.0,89.0,322.0,21.0,17.0,15.0,65.0,11.86,29.51,14.4,6.06,2.33,12.94,7.09,5.47,5.52,4.82,17.43,18.75,15.18,13.39,58.04
Botanic 4,1631.0,85.0,433.0,50.0,103.0,460.0,20.0,366.0,12.0,69.0,33.0,466.0,44.0,7.0,31.0,34.0,5.21,26.55,3.07,6.32,28.2,1.23,22.44,0.74,4.23,2.02,28.57,42.72,6.8,30.1,33.01
Botanic 5,1668.0,205.0,490.0,35.0,136.0,153.0,105.0,146.0,101.0,214.0,83.0,255.0,47.0,15.0,31.0,59.0,12.29,29.38,2.1,8.15,9.17,6.29,8.75,6.06,12.83,4.98,15.29,34.56,11.03,22.79,43.38
Bradshaw's Brae 1,1110.0,150.0,357.0,81.0,62.0,30.0,239.0,57.0,42.0,71.0,21.0,165.0,20.0,9.0,8.0,24.0,13.51,32.16,7.3,5.59,2.7,21.53,5.14,3.78,6.4,1.89,14.86,32.26,14.52,12.9,38.71
Brookeborough,1685.0,220.0,560.0,291.0,65.0,47.0,199.0,95.0,74.0,86.0,48.0,287.0,15.0,12.0,9.0,34.0,13.06,33.23,17.27,3.86,2.79,11.81,5.64,4.39,5.1,2.85,17.03,23.08,18.46,13.85,52.31
Broughshane 2,1238.0,170.0,499.0,114.0,39.0,38.0,198.0,60.0,49.0,49.0,22.0,226.0,11.0,3.0,2.0,17.0,13.73,40.31,9.21,3.15,3.07,15.99,4.85,3.96,3.96,1.78,18.26,28.21,7.69,5.13,43.59
Callan Bridge,1989.0,276.0,575.0,104.0,196.0,48.0,201.0,128.0,127.0,227.0,107.0,239.0,61.0,36.0,40.0,92.0,13.88,28.91,5.23,9.85,2.41,10.11,6.44,6.39,11.41,5.38,12.02,31.12,18.37,20.41,46.94
Carn Hill 2,880.0,135.0,166.0,39.0,77.0,23.0,130.0,56.0,65.0,140.0,49.0,78.0,12.0,10.0,18.0,39.0,15.34,18.86,4.43,8.75,2.61,14.77,6.36,7.39,15.91,5.57,8.86,15.58,12.99,23.38,50.65
Carnany,1488.0,180.0,514.0,97.0,89.0,32.0,190.0,83.0,90.0,163.0,50.0,207.0,25.0,11.0,14.0,43.0,12.1,34.54,6.52,5.98,2.15,12.77,5.58,6.05,10.95,3.36,13.91,28.09,12.36,15.73,48.31
Carryduff West 2,1380.0,179.0,660.0,99.0,49.0,41.0,170.0,81.0,34.0,48.0,19.0,222.0,10.0,14.0,3.0,23.0,12.97,47.83,7.17,3.55,2.97,12.32,5.87,2.46,3.48,1.38,16.09,20.41,28.57,6.12,46.94
Castle Demesne,1596.0,207.0,644.0,68.0,94.0,36.0,194.0,58.0,48.0,179.0,68.0,168.0,22.0,20.0,11.0,42.0,12.97,40.35,4.26,5.89,2.26,12.16,3.63,3.01,11.22,4.26,10.53,23.4,21.28,11.7,44.68
Castledawson 1,1129.0,132.0,462.0,79.0,51.0,28.0,120.0,70.0,54.0,91.0,42.0,145.0,17.0,7.0,9.0,26.0,11.69,40.92,7.0,4.52,2.48,10.63,6.2,4.78,8.06,3.72,12.84,33.33,13.73,17.65,50.98
Castlerock 2,1152.0,138.0,394.0,108.0,55.0,31.0,237.0,61.0,35.0,52.0,41.0,246.0,8.0,10.0,5.0,31.0,11.98,34.2,9.38,4.77,2.69,20.57,5.3,3.04,4.51,3.56,21.35,14.55,18.18,9.09,56.36
Cathedral 2,1130.0,157.0,355.0,87.0,57.0,42.0,132.0,59.0,51.0,141.0,49.0,121.0,18.0,7.0,9.0,24.0,13.89,31.42,7.7,5.04,3.72,11.68,5.22,4.51,12.48,4.34,10.71,31.58,12.28,15.79,42.11
Chichester Park 2,1418.0,207.0,512.0,102.0,91.0,60.0,127.0,99.0,62.0,122.0,36.0,244.0,37.0,16.0,19.0,34.0,14.6,36.11,7.19,6.42,4.23,8.96,6.98,4.37,8.6,2.54,17.21,40.66,17.58,20.88,37.36
Church,1499.0,187.0,504.0,45.0,123.0,30.0,244.0,65.0,83.0,145.0,73.0,129.0,36.0,20.0,19.0,62.0,12.47,33.62,3.0,8.21,2.0,16.28,4.34,5.54,9.67,4.87,8.61,29.27,16.26,15.45,50.41
Claudy 1,1109.0,130.0,357.0,119.0,63.0,34.0,143.0,64.0,65.0,104.0,30.0,157.0,16.0,9.0,12.0,23.0,11.72,32.19,10.73,5.68,3.07,12.89,5.77,5.86,9.38,2.71,14.16,25.4,14.29,19.05,36.51
Clonard 2,1833.0,240.0,539.0,41.0,158.0,51.0,158.0,95.0,114.0,322.0,115.0,194.0,50.0,17.0,46.0,72.0,13.09,29.41,2.24,8.62,2.78,8.62,5.18,6.22,17.57,6.27,10.58,31.65,10.76,29.11,45.57
Coagh,1450.0,191.0,490.0,199.0,43.0,40.0,184.0,78.0,70.0,127.0,28.0,169.0,12.0,4.0,6.0,20.0,13.17,33.79,13.72,2.97,2.76,12.69,5.38,4.83,8.76,1.93,11.66,27.91,9.3,13.95,46.51
Collinbridge 2,1017.0,133.0,379.0,85.0,25.0,50.0,196.0,70.0,25.0,43.0,11.0,178.0,7.0,6.0,3.0,11.0,13.08,37.27,8.36,2.46,4.92,19.27,6.88,2.46,4.23,1.08,17.5,28.0,24.0,12.0,44.0
Comber East 1,1150.0,147.0,435.0,85.0,61.0,30.0,201.0,36.0,51.0,82.0,22.0,140.0,15.0,20.0,3.0,30.0,12.78,37.83,7.39,5.3,2.61,17.48,3.13,4.43,7.13,1.91,12.17,24.59,32.79,4.92,49.18
Coole,1687.0,263.0,559.0,70.0,124.0,40.0,237.0,58.0,88.0,197.0,51.0,144.0,48.0,14.0,34.0,44.0,15.59,33.14,4.15,7.35,2.37,14.05,3.44,5.22,11.68,3.02,8.54,38.71,11.29,27.42,35.48
Court 1,1084.0,167.0,301.0,19.0,102.0,40.0,118.0,58.0,65.0,165.0,49.0,76.0,32.0,20.0,20.0,46.0,15.41,27.77,1.75,9.41,3.69,10.89,5.35,6.0,15.22,4.52,7.01,31.37,19.61,19.61,45.1
Court 2,1137.0,112.0,332.0,55.0,73.0,35.0,213.0,58.0,55.0,156.0,48.0,98.0,22.0,14.0,10.0,45.0,9.85,29.2,4.84,6.42,3.08,18.73,5.1,4.84,13.72,4.22,8.62,30.14,19.18,13.7,61.64
Crossgar 1,1144.0,151.0,406.0,148.0,42.0,35.0,154.0,74.0,49.0,62.0,23.0,179.0,8.0,14.0,6.0,17.0,13.2,35.49,12.94,3.67,3.06,13.46,6.47,4.28,5.42,2.01,15.65,19.05,33.33,14.29,40.48
Crossmaglen,1962.0,234.0,494.0,170.0,207.0,68.0,199.0,127.0,120.0,235.0,108.0,264.0,52.0,48.0,46.0,104.0,11.93,25.18,8.66,10.55,3.47,10.14,6.47,6.12,11.98,5.5,13.46,25.12,23.19,22.22,50.24
Cullybackey,2073.0,283.0,816.0,128.0,113.0,60.0,327.0,80.0,78.0,124.0,64.0,277.0,38.0,28.0,17.0,53.0,13.65,39.36,6.17,5.45,2.89,15.77,3.86,3.76,5.98,3.09,13.36,33.63,24.78,15.04,46.9
Derrygonnelly,1988.0,255.0,691.0,308.0,75.0,51.0,224.0,112.0,102.0,100.0,70.0,412.0,15.0,11.0,15.0,32.0,12.83,34.76,15.49,3.77,2.57,11.27,5.63,5.13,5.03,3.52,20.72,20.0,14.67,20.0,42.67
Derrylin,1933.0,239.0,769.0,255.0,90.0,35.0,188.0,109.0,94.0,89.0,65.0,321.0,14.0,14.0,12.0,38.0,12.36,39.78,13.19,4.66,1.81,9.73,5.64,4.86,4.6,3.36,16.61,15.56,15.56,13.33,42.22
Devenish,1199.0,160.0,367.0,53.0,102.0,31.0,165.0,55.0,55.0,150.0,61.0,170.0,22.0,17.0,15.0,56.0,13.34,30.61,4.42,8.51,2.59,13.76,4.59,4.59,12.51,5.09,14.18,21.57,16.67,14.71,54.9
Donaghadee North 1,1247.0,163.0,449.0,111.0,55.0,20.0,280.0,39.0,34.0,74.0,22.0,217.0,10.0,16.0,4.0,28.0,13.07,36.01,8.9,4.41,1.6,22.45,3.13,2.73,5.93,1.76,17.4,18.18,29.09,7.27,50.91
Donard 1,1079.0,123.0,312.0,102.0,48.0,31.0,233.0,68.0,35.0,87.0,40.0,210.0,6.0,13.0,3.0,22.0,11.4,28.92,9.45,4.45,2.87,21.59,6.3,3.24,8.06,3.71,19.46,12.5,27.08,6.25,45.83
Downshire,1721.0,253.0,753.0,119.0,60.0,58.0,238.0,78.0,45.0,83.0,34.0,258.0,16.0,17.0,5.0,24.0,14.7,43.75,6.91,3.49,3.37,13.83,4.53,2.61,4.82,1.98,14.99,26.67,28.33,8.33,40.0
Draperstown,2059.0,229.0,729.0,269.0,93.0,48.0,193.0,146.0,114.0,158.0,80.0,300.0,17.0,17.0,13.0,37.0,11.12,35.41,13.06,4.52,2.33,9.37,7.09,5.54,7.67,3.89,14.57,18.28,18.28,13.98,39.78
Dromara 2,1936.0,250.0,731.0,289.0,68.0,48.0,248.0,102.0,74.0,78.0,48.0,346.0,23.0,15.0,9.0,30.0,12.91,37.76,14.93,3.51,2.48,12.81,5.27,3.82,4.03,2.48,17.87,33.82,22.06,13.24,44.12
Dromore,1696.0,189.0,499.0,227.0,89.0,54.0,188.0,117.0,78.0,181.0,74.0,240.0,19.0,18.0,15.0,42.0,11.14,29.42,13.38,5.25,3.18,11.08,6.9,4.6,10.67,4.36,14.15,21.35,20.22,16.85,47.19
Dromore North,1835.0,226.0,749.0,142.0,91.0,28.0,290.0,92.0,66.0,123.0,28.0,259.0,27.0,15.0,6.0,41.0,12.32,40.82,7.74,4.96,1.53,15.8,5.01,3.6,6.7,1.53,14.11,29.67,16.48,6.59,45.05
Drumquin,1604.0,177.0,505.0,229.0,105.0,33.0,180.0,105.0,76.0,135.0,59.0,251.0,28.0,11.0,20.0,51.0,11.03,31.48,14.28,6.55,2.06,11.22,6.55,4.74,8.42,3.68,15.65,26.67,10.48,19.05,48.57
Duncairn 2,1461.0,206.0,369.0,53.0,99.0,45.0,188.0,77.0,97.0,247.0,80.0,137.0,32.0,16.0,22.0,44.0,14.1,25.26,3.63,6.78,3.08,12.87,5.27,6.64,16.91,5.48,9.38,32.32,16.16,22.22,44.44
Dundrum,2041.0,262.0,694.0,252.0,127.0,67.0,250.0,94.0,85.0,151.0,59.0,354.0,35.0,29.0,14.0,52.0,12.84,34.0,12.35,6.22,3.28,12.25,4.61,4.16,7.4,2.89,17.34,27.56,22.83,11.02,40.94
Dunmore,2192.0,277.0,776.0,336.0,57.0,86.0,322.0,114.0,78.0,92.0,54.0,436.0,13.0,13.0,8.0,17.0,12.64,35.4,15.33,2.6,3.92,14.69,5.2,3.56,4.2,2.46,19.89,22.81,22.81,14.04,29.82
Dunmurry 1,1611.0,214.0,702.0,121.0,77.0,58.0,176.0,105.0,52.0,79.0,27.0,311.0,20.0,15.0,10.0,31.0,13.28,43.58,7.51,4.78,3.6,10.92,6.52,3.23,4.9,1.68,19.3,25.97,19.48,12.99,40.26
Dunnamanagh,1559.0,170.0,477.0,209.0,89.0,25.0,170.0,121.0,100.0,132.0,66.0,239.0,15.0,13.0,20.0,46.0,10.9,30.6,13.41,5.71,1.6,10.9,7.76,6.41,8.47,4.23,15.33,16.85,14.61,22.47,51.69
East,1231.0,140.0,201.0,40.0,159.0,20.0,200.0,80.0,81.0,204.0,106.0,142.0,50.0,22.0,48.0,83.0,11.37,16.33,3.25,12.92,1.62,16.25,6.5,6.58,16.57,8.61,11.54,31.45,13.84,30.19,52.2
Eglinton 2,1831.0,237.0,706.0,159.0,88.0,65.0,192.0,146.0,87.0,102.0,49.0,302.0,22.0,10.0,12.0,42.0,12.94,38.56,8.68,4.81,3.55,10.49,7.97,4.75,5.57,2.68,16.49,25.0,11.36,13.64,47.73
Fair Green,1262.0,165.0,471.0,75.0,81.0,21.0,195.0,54.0,70.0,95.0,35.0,147.0,16.0,15.0,14.0,37.0,13.07,37.32,5.94,6.42,1.66,15.45,4.28,5.55,7.53,2.77,11.65,19.75,18.52,17.28,45.68
Falls 1,1103.0,141.0,189.0,26.0,110.0,30.0,133.0,75.0,97.0,240.0,62.0,89.0,37.0,18.0,31.0,47.0,12.78,17.14,2.36,9.97,2.72,12.06,6.8,8.79,21.76,5.62,8.07,33.64,16.36,28.18,42.73
Feeny,1603.0,177.0,420.0,236.0,121.0,43.0,166.0,127.0,99.0,131.0,83.0,202.0,31.0,20.0,17.0,60.0,11.04,26.2,14.72,7.55,2.68,10.36,7.92,6.18,8.17,5.18,12.6,25.62,16.53,14.05,49.59
Finaghy 3,1191.0,149.0,520.0,93.0,32.0,49.0,216.0,53.0,22.0,43.0,14.0,219.0,6.0,8.0,2.0,15.0,12.51,43.66,7.81,2.69,4.11,18.14,4.45,1.85,3.61,1.18,18.39,18.75,25.0,6.25,46.88
Fintona,1508.0,175.0,441.0,167.0,95.0,37.0,184.0,92.0,80.0,153.0,84.0,220.0,27.0,9.0,16.0,51.0,11.6,29.24,11.07,6.3,2.45,12.2,6.1,5.31,10.15,5.57,14.59,28.42,9.47,16.84,53.68
Fort,1697.0,205.0,593.0,128.0,95.0,59.0,281.0,103.0,59.0,134.0,40.0,240.0,36.0,15.0,23.0,34.0,12.08,34.94,7.54,5.6,3.48,16.56,6.07,3.48,7.9,2.36,14.14,37.89,15.79,24.21,35.79
Fountain Hill,1595.0,233.0,576.0,68.0,90.0,48.0,251.0,73.0,78.0,126.0,52.0,183.0,29.0,15.0,14.0,31.0,14.61,36.11,4.26,5.64,3.01,15.74,4.58,4.89,7.9,3.26,11.47,32.22,16.67,15.56,34.44
Gardenmore,1363.0,160.0,476.0,92.0,53.0,38.0,317.0,65.0,36.0,95.0,31.0,207.0,13.0,20.0,4.0,26.0,11.74,34.92,6.75,3.89,2.79,23.26,4.77,2.64,6.97,2.27,15.19,24.53,37.74,7.55,49.06
Garvagh,1919.0,249.0,583.0,281.0,107.0,46.0,235.0,92.0,113.0,137.0,76.0,284.0,41.0,12.0,16.0,47.0,12.98,30.38,14.64,5.58,2.4,12.25,4.79,5.89,7.14,3.96,14.8,38.32,11.21,14.95,43.93
Gilford,1795.0,205.0,639.0,166.0,89.0,45.0,233.0,97.0,91.0,179.0,51.0,224.0,30.0,14.0,13.0,40.0,11.42,35.6,9.25,4.96,2.51,12.98,5.4,5.07,9.97,2.84,12.48,33.71,15.73,14.61,44.94
Glenariff,1191.0,155.0,358.0,161.0,77.0,32.0,161.0,91.0,53.0,72.0,31.0,225.0,19.0,16.0,12.0,27.0,13.01,30.06,13.52,6.47,2.69,13.52,7.64,4.45,6.05,2.6,18.89,24.68,20.78,15.58,35.06
Glenarm,1326.0,181.0,468.0,214.0,41.0,35.0,181.0,70.0,55.0,58.0,23.0,232.0,10.0,4.0,3.0,22.0,13.65,35.29,16.14,3.09,2.64,13.65,5.28,4.15,4.37,1.73,17.5,24.39,9.76,7.32,53.66
Glenavy 1,1987.0,287.0,845.0,199.0,82.0,78.0,187.0,117.0,65.0,86.0,41.0,335.0,24.0,14.0,14.0,38.0,14.44,42.53,10.02,4.13,3.93,9.41,5.89,3.27,4.33,2.06,16.86,29.27,17.07,17.07,46.34
Graham's Bridge,1928.0,294.0,739.0,122.0,98.0,60.0,298.0,71.0,73.0,140.0,33.0,252.0,23.0,18.0,15.0,46.0,15.25,38.33,6.33,5.08,3.11,15.46,3.68,3.79,7.26,1.71,13.07,23.47,18.37,15.31,46.94
Gulladuff,1917.0,179.0,724.0,277.0,72.0,48.0,226.0,126.0,79.0,126.0,60.0,293.0,26.0,14.0,6.0,37.0,9.34,37.77,14.45,3.76,2.5,11.79,6.57,4.12,6.57,3.13,15.28,36.11,19.44,8.33,51.39
Hightown,1573.0,213.0,640.0,88.0,56.0,42.0,302.0,65.0,52.0,75.0,40.0,221.0,15.0,12.0,2.0,23.0,13.54,40.69,5.59,3.56,2.67,19.2,4.13,3.31,4.77,2.54,14.05,26.79,21.43,3.57,41.07
Hilden 1,1159.0,156.0,479.0,66.0,78.0,23.0,142.0,55.0,45.0,77.0,38.0,131.0,20.0,16.0,8.0,37.0,13.46,41.33,5.69,6.73,1.98,12.25,4.75,3.88,6.64,3.28,11.3,25.64,20.51,10.26,47.44
Hillsborough 1,1327.0,166.0,503.0,136.0,37.0,37.0,273.0,79.0,40.0,40.0,16.0,292.0,7.0,13.0,2.0,19.0,12.51,37.91,10.25,2.79,2.79,20.57,5.95,3.01,3.01,1.21,22.0,18.92,35.14,5.41,51.35
Holywood Priory,1935.0,240.0,654.0,257.0,58.0,51.0,382.0,105.0,76.0,77.0,35.0,524.0,12.0,21.0,5.0,26.0,12.4,33.8,13.28,3.0,2.64,19.74,5.43,3.93,3.98,1.81,27.08,20.69,36.21,8.62,44.83
Irvinestown,1811.0,195.0,646.0,152.0,114.0,40.0,246.0,97.0,95.0,144.0,82.0,265.0,29.0,20.0,24.0,49.0,10.77,35.67,8.39,6.29,2.21,13.58,5.36,5.25,7.95,4.53,14.63,25.44,17.54,21.05,42.98
Island 2,2080.0,250.0,1024.0,91.0,103.0,57.0,203.0,65.0,81.0,149.0,57.0,322.0,26.0,10.0,19.0,31.0,12.02,49.23,4.38,4.95,2.74,9.76,3.13,3.89,7.16,2.74,15.48,25.24,9.71,18.45,30.1
Keady,1334.0,160.0,394.0,100.0,118.0,22.0,194.0,78.0,78.0,125.0,65.0,137.0,26.0,18.0,23.0,62.0,11.99,29.54,7.5,8.85,1.65,14.54,5.85,5.85,9.37,4.87,10.27,22.03,15.25,19.49,52.54
Kells 1,1344.0,188.0,561.0,104.0,47.0,44.0,155.0,64.0,61.0,90.0,30.0,155.0,16.0,8.0,3.0,15.0,13.99,41.74,7.74,3.5,3.27,11.53,4.76,4.54,6.7,2.23,11.53,34.04,17.02,6.38,31.91
Kilkeel Central 2,1301.0,161.0,390.0,134.0,84.0,31.0,156.0,64.0,79.0,149.0,53.0,164.0,28.0,12.0,7.0,30.0,12.38,29.98,10.3,6.46,2.38,11.99,4.92,6.07,11.45,4.07,12.61,33.33,14.29,8.33,35.71
Killoquin Lower,1358.0,181.0,438.0,207.0,59.0,30.0,133.0,115.0,67.0,88.0,40.0,256.0,21.0,12.0,8.0,26.0,13.33,32.25,15.24,4.34,2.21,9.79,8.47,4.93,6.48,2.95,18.85,35.59,20.34,13.56,44.07
Killylea,1784.0,259.0,605.0,266.0,82.0,63.0,161.0,118.0,73.0,109.0,48.0,298.0,27.0,15.0,15.0,37.0,14.52,33.91,14.91,4.6,3.53,9.02,6.61,4.09,6.11,2.69,16.7,32.93,18.29,18.29,45.12
Killyleagh,2130.0,260.0,806.0,166.0,126.0,54.0,293.0,122.0,92.0,142.0,69.0,284.0,33.0,24.0,16.0,75.0,12.21,37.84,7.79,5.92,2.54,13.76,5.73,4.32,6.67,3.24,13.33,26.19,19.05,12.7,59.52
Killymeal,2135.0,270.0,904.0,161.0,111.0,44.0,239.0,132.0,70.0,130.0,74.0,390.0,32.0,13.0,18.0,48.0,12.65,42.34,7.54,5.2,2.06,11.19,6.18,3.28,6.09,3.47,18.27,28.83,11.71,16.22,43.24
Kilrea,1905.0,238.0,622.0,250.0,123.0,34.0,219.0,112.0,124.0,115.0,68.0,225.0,33.0,25.0,16.0,50.0,12.49,32.65,13.12,6.46,1.78,11.5,5.88,6.51,6.04,3.57,11.81,26.83,20.33,13.01,40.65
Kilwee 2,1262.0,153.0,306.0,41.0,102.0,56.0,168.0,91.0,79.0,221.0,45.0,129.0,39.0,17.0,24.0,49.0,12.12,24.25,3.25,8.08,4.44,13.31,7.21,6.26,17.51,3.57,10.22,38.24,16.67,23.53,48.04
Kircubbin 2,1097.0,127.0,374.0,115.0,60.0,46.0,149.0,66.0,54.0,79.0,27.0,136.0,11.0,10.0,4.0,33.0,11.58,34.09,10.48,5.47,4.19,13.58,6.02,4.92,7.2,2.46,12.4,18.33,16.67,6.67,55.0
Knock 2,1202.0,171.0,507.0,128.0,32.0,41.0,178.0,72.0,35.0,28.0,10.0,279.0,10.0,10.0,2.0,16.0,14.23,42.18,10.65,2.66,3.41,14.81,5.99,2.91,2.33,0.83,23.21,31.25,31.25,6.25,50.0
Legoniel 1,2192.0,313.0,740.0,97.0,157.0,71.0,201.0,148.0,158.0,230.0,77.0,234.0,44.0,14.0,34.0,74.0,14.28,33.76,4.43,7.16,3.24,9.17,6.75,7.21,10.49,3.51,10.68,28.03,8.92,21.66,47.13
Lisanelly 1,273.0,26.0,85.0,16.0,17.0,3.0,73.0,15.0,10.0,21.0,7.0,48.0,4.0,6.0,6.0,7.0,9.52,31.14,5.86,6.23,1.1,26.74,5.49,3.66,7.69,2.56,17.58,23.53,35.29,35.29,41.18
Lisbane 2,1157.0,153.0,434.0,174.0,16.0,22.0,200.0,60.0,42.0,32.0,24.0,232.0,6.0,1.0,2.0,6.0,13.22,37.51,15.04,1.38,1.9,17.29,5.19,3.63,2.77,2.07,20.05,37.5,6.25,12.5,37.5
Lisnasharragh,1495.0,223.0,603.0,63.0,61.0,51.0,242.0,66.0,61.0,94.0,31.0,176.0,22.0,6.0,8.0,29.0,14.92,40.33,4.21,4.08,3.41,16.19,4.41,4.08,6.29,2.07,11.77,36.07,9.84,13.11,47.54
Lisnaskea,1863.0,204.0,618.0,133.0,127.0,55.0,230.0,103.0,123.0,174.0,96.0,275.0,30.0,21.0,25.0,59.0,10.95,33.17,7.14,6.82,2.95,12.35,5.53,6.6,9.34,5.15,14.76,23.62,16.54,19.69,46.46
Loughbrickland,1935.0,239.0,697.0,300.0,59.0,61.0,250.0,96.0,81.0,107.0,45.0,352.0,23.0,18.0,9.0,26.0,12.35,36.02,15.5,3.05,3.15,12.92,4.96,4.19,5.53,2.33,18.19,38.98,30.51,15.25,44.07
Lower Braniel,1768.0,269.0,703.0,122.0,73.0,50.0,283.0,78.0,47.0,115.0,28.0,310.0,18.0,14.0,6.0,38.0,15.21,39.76,6.9,4.13,2.83,16.01,4.41,2.66,6.5,1.58,17.53,24.66,19.18,8.22,52.05
Malone 2,1158.0,122.0,384.0,205.0,35.0,36.0,172.0,117.0,38.0,26.0,23.0,286.0,10.0,11.0,8.0,8.0,10.54,33.16,17.7,3.02,3.11,14.85,10.1,3.28,2.25,1.99,24.7,28.57,31.43,22.86,22.86
Massereene 1,1995.0,266.0,974.0,130.0,67.0,49.0,254.0,70.0,47.0,102.0,36.0,298.0,17.0,13.0,9.0,26.0,13.33,48.82,6.52,3.36,2.46,12.73,3.51,2.36,5.11,1.8,14.94,25.37,19.4,13.43,38.81
Moira 1,1962.0,294.0,898.0,217.0,46.0,49.0,222.0,92.0,62.0,56.0,26.0,381.0,13.0,8.0,3.0,14.0,14.98,45.77,11.06,2.34,2.5,11.31,4.69,3.16,2.85,1.33,19.42,28.26,17.39,6.52,30.43
Moneymore,1807.0,236.0,697.0,195.0,69.0,34.0,193.0,104.0,90.0,134.0,55.0,273.0,11.0,9.0,10.0,40.0,13.06,38.57,10.79,3.82,1.88,10.68,5.76,4.98,7.42,3.04,15.11,15.94,13.04,14.49,57.97
Mount Sandel,1332.0,174.0,472.0,114.0,72.0,19.0,262.0,62.0,57.0,54.0,46.0,276.0,21.0,14.0,8.0,31.0,13.06,35.44,8.56,5.41,1.43,19.67,4.65,4.28,4.05,3.45,20.72,29.17,19.44,11.11,43.06
Moy,2067.0,278.0,802.0,286.0,84.0,60.0,166.0,145.0,81.0,114.0,51.0,340.0,22.0,6.0,18.0,26.0,13.45,38.8,13.84,4.06,2.9,8.03,7.01,3.92,5.52,2.47,16.45,26.19,7.14,21.43,30.95
Mullaghmore,1729.0,204.0,625.0,117.0,91.0,66.0,229.0,106.0,81.0,140.0,70.0,241.0,18.0,16.0,22.0,43.0,11.8,36.15,6.77,5.26,3.82,13.24,6.13,4.68,8.1,4.05,13.94,19.78,17.58,24.18,47.25
New Lodge 1,1424.0,171.0,302.0,31.0,134.0,61.0,219.0,57.0,99.0,261.0,89.0,125.0,33.0,28.0,50.0,60.0,12.01,21.21,2.18,9.41,4.28,15.38,4.0,6.95,18.33,6.25,8.78,24.63,20.9,37.31,44.78
Newbuildings,1602.0,187.0,616.0,127.0,83.0,40.0,197.0,69.0,70.0,152.0,61.0,223.0,19.0,15.0,14.0,34.0,11.67,38.45,7.93,5.18,2.5,12.3,4.31,4.37,9.49,3.81,13.92,22.89,18.07,16.87,40.96
Newtownbutler,1792.0,230.0,513.0,200.0,107.0,43.0,200.0,124.0,117.0,162.0,96.0,260.0,28.0,22.0,20.0,57.0,12.83,28.63,11.16,5.97,2.4,11.16,6.92,6.53,9.04,5.36,14.51,26.17,20.56,18.69,53.27
Newtownhamilton,1954.0,273.0,565.0,283.0,119.0,54.0,168.0,131.0,117.0,162.0,82.0,317.0,27.0,22.0,20.0,53.0,13.97,28.92,14.48,6.09,2.76,8.6,6.7,5.99,8.29,4.2,16.22,22.69,18.49,16.81,44.54
Oldtown,1725.0,254.0,594.0,109.0,113.0,45.0,240.0,85.0,71.0,158.0,56.0,223.0,28.0,13.0,28.0,48.0,14.72,34.43,6.32,6.55,2.61,13.91,4.93,4.12,9.16,3.25,12.93,24.78,11.5,24.78,42.48
Park,1579.0,229.0,672.0,109.0,77.0,51.0,230.0,64.0,57.0,46.0,44.0,211.0,16.0,10.0,12.0,40.0,14.5,42.56,6.9,4.88,3.23,14.57,4.05,3.61,2.91,2.79,13.36,20.78,12.99,15.58,51.95
Parklake,2736.0,362.0,1123.0,165.0,143.0,71.0,364.0,115.0,110.0,187.0,96.0,324.0,38.0,25.0,17.0,72.0,13.23,41.05,6.03,5.23,2.6,13.3,4.2,4.02,6.83,3.51,11.84,26.57,17.48,11.89,50.35
Plumbridge,1566.0,178.0,476.0,255.0,75.0,48.0,174.0,108.0,76.0,116.0,60.0,333.0,13.0,15.0,13.0,38.0,11.37,30.4,16.28,4.79,3.07,11.11,6.9,4.85,7.41,3.83,21.26,17.33,20.0,17.33,50.67
Portglenone 2,1130.0,116.0,410.0,160.0,39.0,21.0,140.0,66.0,59.0,91.0,28.0,183.0,7.0,9.0,4.0,12.0,10.27,36.28,14.16,3.45,1.86,12.39,5.84,5.22,8.05,2.48,16.19,17.95,23.08,10.26,30.77
Randalstown 2,1109.0,153.0,472.0,103.0,42.0,29.0,140.0,53.0,27.0,65.0,25.0,165.0,16.0,6.0,3.0,20.0,13.8,42.56,9.29,3.79,2.61,12.62,4.78,2.43,5.86,2.25,14.88,38.1,14.29,7.14,47.62
Rathbrady,1151.0,133.0,351.0,77.0,64.0,21.0,254.0,74.0,48.0,92.0,37.0,192.0,26.0,11.0,15.0,25.0,11.56,30.5,6.69,5.56,1.82,22.07,6.43,4.17,7.99,3.21,16.68,40.63,17.19,23.44,39.06
Rathfriland,1896.0,262.0,684.0,168.0,82.0,42.0,272.0,103.0,91.0,131.0,61.0,251.0,18.0,14.0,8.0,35.0,13.82,36.08,8.86,4.32,2.22,14.35,5.43,4.8,6.91,3.22,13.24,21.95,17.07,9.76,42.68
Rich Hill 2,1264.0,174.0,526.0,96.0,45.0,22.0,148.0,67.0,48.0,99.0,39.0,177.0,13.0,6.0,4.0,19.0,13.77,41.61,7.59,3.56,1.74,11.71,5.3,3.8,7.83,3.09,14.0,28.89,13.33,8.89,42.22
Rosslea,1583.0,191.0,510.0,239.0,94.0,37.0,176.0,93.0,107.0,82.0,54.0,251.0,18.0,15.0,13.0,43.0,12.07,32.22,15.1,5.94,2.34,11.12,5.87,6.76,5.18,3.41,15.86,19.15,15.96,13.83,45.74
Royal Portrush,1522.0,192.0,458.0,155.0,91.0,32.0,277.0,82.0,53.0,115.0,67.0,222.0,26.0,19.0,11.0,51.0,12.61,30.09,10.18,5.98,2.1,18.2,5.39,3.48,7.56,4.4,14.59,28.57,20.88,12.09,56.04
Saintfield 2,1276.0,163.0,511.0,159.0,31.0,37.0,205.0,98.0,24.0,32.0,16.0,302.0,13.0,5.0,2.0,17.0,12.77,40.05,12.46,2.43,2.9,16.07,7.68,1.88,2.51,1.25,23.67,41.94,16.13,6.45,54.84
Shaftesbury 2,2158.0,210.0,790.0,79.0,115.0,123.0,207.0,146.0,105.0,293.0,90.0,292.0,43.0,22.0,26.0,48.0,9.73,36.61,3.66,5.33,5.7,9.59,6.77,4.87,13.58,4.17,13.53,37.39,19.13,22.61,41.74
Shaftesbury 3,1623.0,145.0,455.0,46.0,108.0,163.0,182.0,156.0,87.0,200.0,81.0,261.0,38.0,15.0,22.0,47.0,8.93,28.03,2.83,6.65,10.04,11.21,9.61,5.36,12.32,4.99,16.08,35.19,13.89,20.37,43.52
Shankill 2,1487.0,181.0,327.0,33.0,141.0,33.0,240.0,66.0,126.0,269.0,71.0,105.0,49.0,22.0,36.0,75.0,12.17,21.99,2.22,9.48,2.22,16.14,4.44,8.47,18.09,4.77,7.06,34.75,15.6,25.53,53.19
Shimna,1888.0,244.0,547.0,214.0,112.0,76.0,325.0,103.0,61.0,146.0,60.0,361.0,35.0,15.0,15.0,50.0,12.92,28.97,11.33,5.93,4.03,17.21,5.46,3.23,7.73,3.18,19.12,31.25,13.39,13.39,44.64
Silver Bridge 2,1316.0,146.0,437.0,158.0,75.0,30.0,134.0,98.0,84.0,94.0,60.0,249.0,13.0,15.0,11.0,33.0,11.09,33.21,12.01,5.7,2.28,10.18,7.45,6.38,7.14,4.56,18.92,17.33,20.0,14.67,44.0
Stewartstown,1504.0,182.0,446.0,186.0,71.0,48.0,191.0,142.0,70.0,105.0,63.0,224.0,20.0,12.0,7.0,41.0,12.1,29.65,12.37,4.72,3.19,12.7,9.44,4.65,6.98,4.19,14.89,28.17,16.9,9.86,57.75
Strangford,1968.0,260.0,638.0,297.0,78.0,76.0,300.0,112.0,63.0,96.0,48.0,376.0,22.0,9.0,14.0,23.0,13.21,32.42,15.09,3.96,3.86,15.24,5.69,3.2,4.88,2.44,19.11,28.21,11.54,17.95,29.49
Tandragee,2120.0,283.0,870.0,178.0,82.0,57.0,297.0,90.0,84.0,130.0,49.0,339.0,19.0,20.0,16.0,46.0,13.35,41.04,8.4,3.87,2.69,14.01,4.25,3.96,6.13,2.31,15.99,23.17,24.39,19.51,56.1
Templepatrick,1821.0,198.0,655.0,217.0,35.0,55.0,402.0,83.0,68.0,71.0,37.0,378.0,8.0,8.0,4.0,13.0,10.87,35.97,11.92,1.92,3.02,22.08,4.56,3.73,3.9,2.03,20.76,22.86,22.86,11.43,37.14
Tempo,1874.0,227.0,607.0,311.0,82.0,49.0,233.0,103.0,80.0,115.0,67.0,341.0,16.0,12.0,12.0,31.0,12.11,32.39,16.6,4.38,2.61,12.43,5.5,4.27,6.14,3.58,18.2,19.51,14.63,14.63,37.8
Termon,1692.0,180.0,505.0,260.0,79.0,41.0,159.0,161.0,84.0,151.0,72.0,331.0,27.0,19.0,15.0,34.0,10.64,29.85,15.37,4.67,2.42,9.4,9.52,4.96,8.92,4.26,19.56,34.18,24.05,18.99,43.04
The Diamond,1805.0,229.0,423.0,57.0,210.0,57.0,211.0,120.0,106.0,302.0,90.0,212.0,38.0,35.0,50.0,105.0,12.69,23.43,3.16,11.63,3.16,11.69,6.65,5.87,16.73,4.99,11.75,18.1,16.67,23.81,50.0
The Mount 1,2216.0,263.0,811.0,63.0,164.0,64.0,212.0,82.0,149.0,299.0,109.0,203.0,44.0,21.0,38.0,70.0,11.87,36.6,2.84,7.4,2.89,9.57,3.7,6.72,13.49,4.92,9.16,26.83,12.8,23.17,42.68
Toome,1888.0,233.0,653.0,249.0,75.0,61.0,164.0,135.0,101.0,152.0,65.0,237.0,31.0,11.0,17.0,30.0,12.34,34.59,13.19,3.97,3.23,8.69,7.15,5.35,8.05,3.44,12.55,41.33,14.67,22.67,40.0
Upper Glenshane,1716.0,214.0,490.0,262.0,107.0,40.0,144.0,156.0,129.0,110.0,64.0,319.0,32.0,17.0,14.0,46.0,12.47,28.55,15.27,6.24,2.33,8.39,9.09,7.52,6.41,3.73,18.59,29.91,15.89,13.08,42.99
Valley 1,1086.0,136.0,426.0,41.0,57.0,32.0,171.0,53.0,46.0,88.0,36.0,138.0,11.0,16.0,4.0,30.0,12.52,39.23,3.78,5.25,2.95,15.75,4.88,4.24,8.1,3.31,12.71,19.3,28.07,7.02,52.63
Waterside,2062.0,301.0,711.0,166.0,70.0,68.0,438.0,151.0,63.0,66.0,28.0,463.0,24.0,15.0,11.0,28.0,14.6,34.48,8.05,3.39,3.3,21.24,7.32,3.06,3.2,1.36,22.45,34.29,21.43,15.71,40.0
Whitehead,1556.0,186.0,598.0,142.0,59.0,41.0,279.0,96.0,51.0,64.0,40.0,310.0,12.0,16.0,4.0,28.0,11.95,38.43,9.13,3.79,2.63,17.93,6.17,3.28,4.11,2.57,19.92,20.34,27.12,6.78,47.46
Woodstock 3,1451.0,181.0,574.0,65.0,104.0,56.0,153.0,61.0,76.0,132.0,49.0,173.0,30.0,9.0,20.0,44.0,12.47,39.56,4.48,7.17,3.86,10.54,4.2,5.24,9.1,3.38,11.92,28.85,8.65,19.23,42.31
